NAME,MAKE,MODEL,YEAR,TYPE,COLOR,INTCOLOR,MILES,PRICE,SOURCE
-,kawasaki ninja 300,"Washington, DC",74092,-,-,-,-,-
2014 Kawasaki ninja,-1,-1,2014,-1,-1,-1,3700,2000,FACEBOOK
2020 Kawasaki ninja,-1,-1,2020,-1,-1,-1,1100,5440,FACEBOOK
2014 Kawasaki ninja,-1,-1,2014,-1,-1,-1,8800,3800,FACEBOOK
2022 Kawasaki ninja,-1,-1,2022,-1,-1,-1,5700,4600,FACEBOOK
2017 Kawasaki ninja,-1,-1,2017,-1,-1,-1,1600,4000,FACEBOOK
2023 Nija kawasaki,-1,-1,2023,-1,-1,-1,18000,4000,FACEBOOK
2023 Kawasaki ninja,-1,-1,2023,-1,-1,-1,300,5700,FACEBOOK
2015 Kawasaki ninja,-1,-1,2015,-1,-1,-1,2400,3800,FACEBOOK
2011 Kawasaki ninja,-1,-1,2011,-1,-1,-1,20000,1820,FACEBOOK
2014 Kawasaki ninja,-1,-1,2014,-1,-1,-1,4500,3700,FACEBOOK
2014 Kawasaki ninja 300abs,-1,-1,2014,-1,-1,-1,14000,3500,FACEBOOK
2017 Kawasaki ninja,-1,-1,2017,-1,-1,-1,3000,5000,FACEBOOK
2016 Kawasaki ninja,-1,-1,2016,-1,-1,-1,3000,1234,FACEBOOK
2014 Kawasaki ninja,-1,-1,2014,-1,-1,-1,12000,3100,FACEBOOK
2016 Kawasaki ex300,-1,-1,2016,-1,-1,-1,8300,3600,FACEBOOK
2023 Kawasaki ninja,-1,-1,2023,-1,-1,-1,1000,5999,FACEBOOK
2014 Kawasaki ninja,-1,-1,2014,-1,-1,-1,2900,3999,FACEBOOK
2016 Kawasaki ex300,-1,-1,2016,-1,-1,-1,8300,3600,FACEBOOK
2023 Kawasaki ninja,-1,-1,2023,-1,-1,-1,6700,5200,FACEBOOK
-,kawasaki ninja 300,"Richmond, VA",73074,-,-,-,-,-
2016 Kawasaki ninja,-1,-1,2016,-1,-1,-1,3000,1234,FACEBOOK
2014 Kawasaki ninja,-1,-1,2014,-1,-1,-1,13000,2500,FACEBOOK
2014 Kawasaki ninja,-1,-1,2014,-1,-1,-1,3700,2000,FACEBOOK
2022 Kawasaki ninja,-1,-1,2022,-1,-1,-1,9900,4900,FACEBOOK
2017 Kawasaki ninja,-1,-1,2017,-1,-1,-1,14000,3000,FACEBOOK
2020 Kawasaki ninja,-1,-1,2020,-1,-1,-1,1100,5440,FACEBOOK
2022 Kawasaki ninja,-1,-1,2022,-1,-1,-1,5700,4600,FACEBOOK
2023 Kawasaki ninja 400 abs,-1,-1,2023,-1,-1,-1,4100,5500,FACEBOOK
2021 Kawasaki ninja,-1,-1,2021,-1,-1,-1,16000,4500,FACEBOOK
2021 Kawasaki ninja,-1,-1,2021,-1,-1,-1,2500,5000,FACEBOOK
2016 Kawasaki ninja,-1,-1,2016,-1,-1,-1,2700,2500,FACEBOOK
2008 Kawasaki ninja,-1,-1,2008,-1,-1,-1,33000,2000,FACEBOOK
2014 Kawasaki ninja,-1,-1,2014,-1,-1,-1,12000,3100,FACEBOOK
2004 Kawasaki ninja,-1,-1,2004,-1,-1,-1,6300,1500,FACEBOOK
2008 Kawasaki ninja,-1,-1,2008,-1,-1,-1,10000,2500,FACEBOOK
2017 Kawasaki ninja 300cc,-1,-1,2017,-1,-1,-1,4000,4300,FACEBOOK
2008 Kawasaki ninja,-1,-1,2008,-1,-1,-1,3800,1500,FACEBOOK
2010 Kawasaki versys,-1,-1,2010,-1,-1,-1,19000,3500,FACEBOOK
2021 Kawasaki z,-1,-1,2021,-1,-1,-1,3600,4300,FACEBOOK
2014 Kawasaki ninja,-1,-1,2014,-1,-1,-1,4500,3700,FACEBOOK
2023 Kawasaki ninja,-1,-1,2023,-1,-1,-1,-1,5500,FACEBOOK
-,kawasaki ninja 300,"Virginia Beach, VA",87168,-,-,-,-,-
2014 Kawasaki ninja,-1,-1,2014,-1,-1,-1,3700,2000,FACEBOOK
2018 Kawasaki ninja,-1,-1,2018,-1,-1,-1,6000,4500,FACEBOOK
2023 Kawasaki ninja,-1,-1,2023,-1,-1,-1,581,6000,FACEBOOK
2016 Kawasaki ninja,-1,-1,2016,-1,-1,-1,3000,1234,FACEBOOK
2006 Kawasaki ninja,-1,-1,2006,-1,-1,-1,26000,4000,FACEBOOK
2016 Kawasaki ninja,-1,-1,2016,-1,-1,-1,12000,2500,FACEBOOK
2010 Kawasaki ninja,-1,-1,2010,-1,-1,-1,5800,3700,FACEBOOK
2015 Kawasaki ninja,-1,-1,2015,-1,-1,-1,8000,4500,FACEBOOK
2020 Kawasaki ninja,-1,-1,2020,-1,-1,-1,1100,5440,FACEBOOK
2017 Kawasaki ninja,-1,-1,2017,-1,-1,-1,14000,3000,FACEBOOK
2021 Kawasaki versys x 300,-1,-1,2021,-1,-1,-1,4800,5199,FACEBOOK
2023 Kawasaki ninja,-1,-1,2023,-1,-1,-1,3900,6750,FACEBOOK
2017 Kawasaki ninja 300cc,-1,-1,2017,-1,-1,-1,4000,4300,FACEBOOK
2022 Kawasaki ninja,-1,-1,2022,-1,-1,-1,5700,4600,FACEBOOK
2019 Kawasaki ninja,-1,-1,2019,-1,-1,-1,2600,7000,FACEBOOK
2008 Kawasaki ninja,-1,-1,2008,-1,-1,-1,33000,2000,FACEBOOK
2009 Kawasaki ninja,-1,-1,2009,-1,-1,-1,17000,2345,FACEBOOK
2022 Kawasaki z,-1,-1,2022,-1,-1,-1,300,3000,FACEBOOK
2014 Kawasaki ninja,-1,-1,2014,-1,-1,-1,13000,2500,FACEBOOK
2014 Kawasaki ninja,-1,-1,2014,-1,-1,-1,8900,3900,FACEBOOK
2014 Kawasaki ninja,-1,-1,2014,-1,-1,-1,4500,3700,FACEBOOK
2021 Kawasaki ninja,-1,-1,2021,-1,-1,-1,2500,5000,FACEBOOK
-,kawasaki ninja 300,"Washington, DC",1458440,-,-,-,-,-
Used 2022 Lexus GX 460 Premium,Lexus,GX 460,2022,8-Cylinder,Silver,Black,33995,49584,AUTOTRADER
Used 1995 Ford Bronco,Ford,Bronco,1995,8-Cylinder,Black,Gray,191000,7000,AUTOTRADER
Used 2020 Acura MDX SH-AWD,Acura,MDX,2020,6-Cylinder,Offwhite,Unavail,20260,32936,AUTOTRADER
New 2023 Nissan Rogue SL,Nissan,Rogue,2023,3-Cylinder Turbo,Red,Black,4,36583,AUTOTRADER
Used 2021 Honda Pilot Touring,Honda,Pilot,2021,6-Cylinder,,,12734,36705,AUTOTRADER
Used 2020 Cadillac XT5 Premium Luxury,Cadillac,XT5,2020,6-Cylinder,Red,Black,39729,29226,AUTOTRADER
Used 2016 MAZDA CX-5 Touring,MAZDA,CX-5,2016,4-Cylinder,Red,Black,68413,16250,AUTOTRADER
Used 2020 Kia Optima EX,Kia,Optima,2020,4-Cylinder Turbo,White,Black,39257,20250,AUTOTRADER
Used 2023 Mercedes-Benz GLA 250 4MATIC,Mercedes-Benz,GLA 250,2023,4-Cylinder Turbo,White,Beige,7325,36495,AUTOTRADER
Used 2017 Mercedes-Benz SL 63 AMG,Mercedes-Benz,SL 63 AMG,2017,8-Cylinder Turbo,Brown,Black,40365,65995,AUTOTRADER
Used 2018 Toyota Corolla iM,Toyota,Corolla,2018,4-Cylinder,,,55918,16800,AUTOTRADER
Used 2021 Toyota RAV4 LE,Toyota,RAV4,2021,4-Cylinder,,Black,28999,25500,AUTOTRADER
Used 2021 Toyota RAV4 LE,Toyota,RAV4,2021,4-Cylinder,Red,Gray,7775,26300,AUTOTRADER
Used 2021 Toyota RAV4 LE,Toyota,RAV4,2021,Hybrid,Gray,Black,27082,28500,AUTOTRADER
Used 2021 Toyota Highlander XLE,Toyota,Highlander,2021,6-Cylinder,Silver,Black,20039,35000,AUTOTRADER
Certified 2020 Honda CR-V LX,Honda,CR-V,2020,4-Cylinder Turbo,Silver,,31275,22995,AUTOTRADER
Used 2022 Alfa Romeo Stelvio Veloce,Alfa Romeo,Stelvio,2022,4-Cylinder Turbo,Red,Red,15500,34900,AUTOTRADER
Used 2021 Jeep Grand Cherokee Limited,Jeep,Grand Cherokee,2021,6-Cylinder,White,Black,27982,29000,AUTOTRADER
Used 2014 Mercedes-Benz CLS 550 4MATIC,Mercedes-Benz,CLS 550,2014,8-Cylinder Turbo,Black,Black,99000,15700,AUTOTRADER
Used 2011 Porsche Panamera 4,Porsche,Panamera,2011,6-Cylinder,Black,Beige,77500,17900,AUTOTRADER
Certified 2020 Honda CR-V EX,Honda,CR-V,2020,4-Cylinder Turbo,Gray,Gray,38414,22915,AUTOTRADER
Certified 2023 Honda Accord EX,Honda,Accord,2023,4-Cylinder Turbo,White,Black,3159,27417,AUTOTRADER
Used 2023 Honda Accord Sport,Honda,Accord,2023,Hybrid,Offwhite,Black,6554,28997,AUTOTRADER
Used 2022 Toyota Camry SE,Toyota,Camry,2022,4-Cylinder,Gray,Black,13092,24000,AUTOTRADER
Used 2019 Ford Fusion SE,Ford,Fusion,2019,4-Cylinder Turbo,Silver,Black,27284,17950,AUTOTRADER
Used 2018 Honda Civic LX,Honda,Civic,2018,4-Cylinder,Black,Black,38358,18750,AUTOTRADER
Used 2019 Lincoln MKZ Premiere,Lincoln,MKZ,2019,Hybrid,Brown,Black,37184,22850,AUTOTRADER
Used 2019 Lexus ES 350 Luxury,Lexus,ES 350,2019,6-Cylinder,White,Black,34428,31490,AUTOTRADER
Used 2019 Volkswagen Golf 4-Door,Volkswagen,Golf,2019,4-Cylinder Turbo,,,45890,25000,AUTOTRADER
Used 2017 BMW 530i xDrive,BMW,530i xDrive,2017,4-Cylinder Turbo,Gray,Unavail,66351,20950,AUTOTRADER
Used 2022 Toyota Tacoma TRD Off-Road,Toyota,Tacoma,2022,6-Cylinder,Gray,Black,16575,41950,AUTOTRADER
Used 2016 Mercedes-Benz C 300 Sedan,Mercedes-Benz,C 300,2016,4-Cylinder Turbo,Blue,Gray,49667,17999,AUTOTRADER
Used 2019 Lexus RX 350 AWD,Lexus,RX 350,2019,6-Cylinder,White,Black,49841,31237,AUTOTRADER
Used 2020 Hyundai Kona SE,Hyundai,Kona,2020,4-Cylinder,Silver,Black,8074,18581,AUTOTRADER
Used 2021 Kia Sportage EX,Kia,Sportage,2021,4-Cylinder,Blue,Black,23503,21990,AUTOTRADER
Used 2019 Honda Accord EX,Honda,Accord,2019,Hybrid,Offwhite,Black,14525,24324,AUTOTRADER
Used 2021 Honda CR-V EX,Honda,CR-V,2021,4-Cylinder Turbo,Silver,Gray,17571,27669,AUTOTRADER
Used 2021 GMC Yukon XL Denali,GMC,Yukon XL,2021,8-Cylinder,Black,Black,10600,68900,AUTOTRADER
Certified 2022 Honda Accord Sport,Honda,Accord,2022,4-Cylinder Turbo,Blue,Black,14897,27995,AUTOTRADER
Used 2020 Mercedes-Benz GLS 450 4MATIC,Mercedes-Benz,GLS 450,2020,6-Cylinder Turbo,Blue,Black,12480,57995,AUTOTRADER
Used 2019 Chevrolet Silverado 1500 LT,Chevrolet,Silverado 1500,2019,8-Cylinder,Black,Black,70000,19000,AUTOTRADER
Used 2021 Lexus RX 350 AWD,Lexus,RX 350,2021,6-Cylinder,Silver,Black,17661,40773,AUTOTRADER
Used 2020 Hyundai Santa Fe SEL,Hyundai,Santa Fe,2020,4-Cylinder,Gray,Gray,33120,20000,AUTOTRADER
Used 2017 Ford Explorer Platinum,Ford,Explorer,2017,6-Cylinder Turbo,Black,Black,40555,26000,AUTOTRADER
Used 2020 Toyota RAV4 XLE,Toyota,RAV4,2020,4-Cylinder,Blue,Black,27566,28000,AUTOTRADER
Certified 2023 Lincoln Corsair Reserve,Lincoln,Corsair,2023,4-Cylinder Turbo,Black,Beige,1675,40000,AUTOTRADER
Used 2014 Toyota Sienna XLE,Toyota,Sienna,2014,6-Cylinder,Green,Gray,96710,17794,AUTOTRADER
Used 2012 BMW 750i xDrive,BMW,750i xDrive,2012,8-Cylinder Turbo,White,Tan,114533,9995,AUTOTRADER
Used 2015 Volkswagen Golf S,Volkswagen,Golf,2015,4-Cylinder Turbo,,,132825,9000,AUTOTRADER
Used 2012 Volvo C30 T5 R-Design,Volvo,C30,2012,5-Cylinder Turbo,Black,,95315,12500,AUTOTRADER
Used 2016 Toyota Prius C Four,Toyota,Prius C,2016,Hybrid,Blue,Black,58141,16500,AUTOTRADER
Used 2019 Chevrolet Malibu LT,Chevrolet,Malibu,2019,4-Cylinder Turbo,Black,Black,31988,17000,AUTOTRADER
Used 2018 Honda Accord LX,Honda,Accord,2018,4-Cylinder Turbo,Offwhite,,62682,18800,AUTOTRADER
Used 2021 Toyota Corolla SE,Toyota,Corolla,2021,4-Cylinder,Silver,Gray,22048,20500,AUTOTRADER
-,kawasaki ninja 300,"Richmond, VA",1651507,-,-,-,-,-
Used 2008 Honda Ridgeline RTX,Honda,Ridgeline,2008,6-Cylinder,Silver,Black,202100,8386,AUTOTRADER
Used 2016 Honda Civic EX-T,Honda,Civic,2016,4-Cylinder Turbo,Blue,Black,36307,18500,AUTOTRADER
Used 2020 Volkswagen Tiguan SE R-Line,Volkswagen,Tiguan,2020,4-Cylinder Turbo,White,Black,38713,22510,AUTOTRADER
Used 2020 Hyundai Elantra SE,Hyundai,Elantra,2020,4-Cylinder,Red,Beige,19248,16791,AUTOTRADER
New 2024 MAZDA CX-5 Carbon Edition,MAZDA,CX-5,2024,4-Cylinder,Gray,Red,5,33760,AUTOTRADER
Used 2007 Lexus IS 250,Lexus,IS 250,2007,6-Cylinder,Black,Black,117957,9400,AUTOTRADER
Used 2012 Mercedes-Benz GLK 350 4MATIC,Mercedes-Benz,GLK 350,2012,6-Cylinder,Black,Beige,117000,9550,AUTOTRADER
Used 2006 Toyota Tacoma 4x4 Double Cab,Toyota,Tacoma,2006,6-Cylinder,Blue,Gray,176904,10900,AUTOTRADER
Used 2013 Volkswagen Golf 4-Door,Volkswagen,Golf,2013,5-Cylinder,Black,Black,68754,9000,AUTOTRADER
Certified 2023 MAZDA MAZDA3 s,MAZDA,MAZDA3,2023,4-Cylinder,Unavail,Black,2796,24500,AUTOTRADER
Certified 2023 MAZDA MAZDA3 s,MAZDA,MAZDA3,2023,4-Cylinder,Gray,Red,1961,25098,AUTOTRADER
Used 2018 Honda Civic LX,Honda,Civic,2018,4-Cylinder,Gray,Black,34374,18400,AUTOTRADER
Used 2018 Toyota Camry SE,Toyota,Camry,2018,4-Cylinder,Blue,Black,58452,20000,AUTOTRADER
Used 2019 Honda Accord Sport,Honda,Accord,2019,4-Cylinder Turbo,Offwhite,Black,30343,24400,AUTOTRADER
Used 2018 BMW X5 xDrive40e,BMW,X5,2018,Hybrid,Gray,Black,57468,24000,AUTOTRADER
Used 2015 Chevrolet Impala LTZ,Chevrolet,Impala,2015,6-Cylinder,Red,Black,58631,17900,AUTOTRADER
Used 2022 Lexus ES 300h F Sport,Lexus,ES 300h,2022,Hybrid,Black,Black,23686,37900,AUTOTRADER
Used 2022 Toyota Tacoma SR,Toyota,Tacoma,2022,6-Cylinder,Silver,Unavail,7351,33988,AUTOTRADER
Used 2018 Audi Q3 2.0T Premium Plus,Audi,Q3,2018,4-Cylinder Turbo,Silver,Black,61400,20998,AUTOTRADER
Used 2020 Kia Optima Premium,Kia,Optima,2020,4-Cylinder Turbo,Gray,Black,19866,22264,AUTOTRADER
Used 2018 Toyota Prius Three,Toyota,Prius,2018,Hybrid,White,,41851,20997,AUTOTRADER
Used 2021 Volvo XC90 T5 Momentum,Volvo,XC90,2021,4-Cylinder Turbo,White,Black,21315,37997,AUTOTRADER
Used 2021 Hyundai Ioniq SE,Hyundai,Ioniq,2021,Electric,White,Black,12680,19500,AUTOTRADER
Used 2021 Hyundai Sonata SE,Hyundai,Sonata,2021,4-Cylinder,Gray,Black,21246,20000,AUTOTRADER
Used 2021 Hyundai Kona SEL,Hyundai,Kona,2021,4-Cylinder,Gray,Black,14717,20000,AUTOTRADER
Used 2022 Nissan Rogue Sport SL,Nissan,Rogue Sport,2022,4-Cylinder,Black,Black,13905,25000,AUTOTRADER
Used 2017 Hyundai Santa Fe SE,Hyundai,Santa Fe,2017,6-Cylinder,White,Gray,65508,17800,AUTOTRADER
Used 2021 Nissan Rogue SV,Nissan,Rogue,2021,4-Cylinder,White,Gray,18187,25435,AUTOTRADER
Used 2023 Ford Bronco Outer Banks,Ford,Bronco,2023,6-Cylinder Turbo,Black,Black,5700,48209,AUTOTRADER
Used 2020 MINI Cooper John Cooper Works,MINI,Cooper,2020,4-Cylinder Turbo,Turquoise,Black,28118,29993,AUTOTRADER
Used 2019 BMW M2 Competition,BMW,M2,2019,6-Cylinder Turbo,Blue,Black,19620,48595,AUTOTRADER
Used 2021 Jeep Grand Cherokee Laredo,Jeep,Grand Cherokee,2021,6-Cylinder,White,Black,23995,27997,AUTOTRADER
Used 2014 Chevrolet Malibu LT,Chevrolet,Malibu,2014,4-Cylinder,Blue,Beige,99100,8500,AUTOTRADER
Used 2023 Ford Bronco Badlands,Ford,Bronco,2023,6-Cylinder Turbo,Red,Black,5150,57500,AUTOTRADER
Used 2018 MAZDA CX-5 Touring,MAZDA,CX-5,2018,4-Cylinder,Black,Black,48436,21506,AUTOTRADER
Used 2021 Jeep Compass Limited,Jeep,Compass,2021,4-Cylinder,White,Black,25162,22000,AUTOTRADER
Used 2021 Hyundai Elantra Limited,Hyundai,Elantra,2021,4-Cylinder,Red,Gray,8287,22173,AUTOTRADER
Used 2023 MAZDA CX-5 Signature,MAZDA,CX-5,2023,4-Cylinder Turbo,Blue,Brown,3699,35000,AUTOTRADER
Certified 2018 Nissan Rogue SL,Nissan,Rogue,2018,4-Cylinder,Silver,Black,51864,18895,AUTOTRADER
Certified 2020 Buick Envision Preferred,Buick,Envision,2020,4-Cylinder,Black,Beige,58651,20991,AUTOTRADER
Used 2016 MAZDA CX-5 Grand Touring,MAZDA,CX-5,2016,4-Cylinder,White,Beige,28364,21299,AUTOTRADER
Used 2018 Genesis G80 3.8,Genesis,G80,2018,6-Cylinder,Gray,Black,75404,21845,AUTOTRADER
Used 2009 Honda Fit Sport,Honda,Fit,2009,4-Cylinder,Black,Gray,105348,9400,AUTOTRADER
Used 2010 Toyota Prius Two,Toyota,Prius,2010,Hybrid,Gray,Gray,99205,11700,AUTOTRADER
Used 2010 Honda CR-V EX-L,Honda,CR-V,2010,4-Cylinder,Gray,Offwhite,67834,14000,AUTOTRADER
Used 2013 Toyota Camry L,Toyota,Camry,2013,4-Cylinder,Black,Black,73595,15000,AUTOTRADER
Used 2014 Honda CR-V LX,Honda,CR-V,2014,4-Cylinder,White,Gray,85902,15400,AUTOTRADER
Used 2011 Honda CR-V EX-L,Honda,CR-V,2011,4-Cylinder,Blue,Offwhite,38118,16000,AUTOTRADER
Used 2017 Honda Civic LX,Honda,Civic,2017,4-Cylinder,Black,Unavail,46974,18500,AUTOTRADER
Used 2018 Honda Accord Sport,Honda,Accord,2018,4-Cylinder Turbo,Blue,Black,40334,24000,AUTOTRADER
Used 2020 Toyota Avalon Touring,Toyota,Avalon,2020,6-Cylinder,Blue,Gray,45884,30000,AUTOTRADER
Used 2018 Ford Transit 150 XL,Ford,Transit 150,2018,6-Cylinder,Black,Gray,60521,31000,AUTOTRADER
Used 2019 Chevrolet Blazer LT,Chevrolet,Blazer,2019,6-Cylinder,White,Black,64217,22500,AUTOTRADER
Used 2016 Porsche Macan Turbo,Porsche,Macan,2016,6-Cylinder Turbo,Black,Black,79866,27500,AUTOTRADER
Used 2022 Ford Bronco 2-Door,Ford,Bronco,2022,4-Cylinder Turbo,Gray,Black,18800,42750,AUTOTRADER
Used 2018 Toyota Tacoma SR5,Toyota,Tacoma,2018,4-Cylinder,Silver,Unavail,58484,24900,AUTOTRADER
Certified 2022 Chevrolet Bolt LT,Chevrolet,Bolt,2022,Electric,Blue,Black,16807,21407,AUTOTRADER
Certified 2021 GMC Canyon Denali,GMC,Canyon,2021,6-Cylinder,Black,Black,22618,36991,AUTOTRADER
Used 2021 Chevrolet Silverado 1500 LTZ,Chevrolet,Silverado 1500,2021,6-Cylinder Turbo,Silver,Tan,32275,42859,AUTOTRADER
Used 2015 Honda Civic EX-L,Honda,Civic,2015,4-Cylinder,White,Tan,66700,14990,AUTOTRADER
Used 2016 Volkswagen Touareg VR6,Volkswagen,Touareg,2016,6-Cylinder,Blue,Tan,56800,25000,AUTOTRADER
Certified 2020 Volkswagen GTI SE,Volkswagen,GTI,2020,4-Cylinder Turbo,White,Black,23963,27375,AUTOTRADER
Used 2007 Honda Element EX,Honda,Element,2007,4-Cylinder,Blue,Unavail,216965,6469,AUTOTRADER
Used 2010 Honda Odyssey EX,Honda,Odyssey,2010,6-Cylinder,Silver,Gray,135241,8000,AUTOTRADER
Used 2017 Hyundai Santa Fe Limited,Hyundai,Santa Fe,2017,6-Cylinder,Blue,Black,53941,20000,AUTOTRADER
Used 2021 Toyota C-HR LE,Toyota,C-HR,2021,4-Cylinder,White,Black,30339,20500,AUTOTRADER
Used 2018 Subaru Outback 3.6R Touring,Subaru,Outback,2018,6-Cylinder,Black,Brown,51832,23100,AUTOTRADER
Used 2021 Honda CR-V EX,Honda,CR-V,2021,4-Cylinder Turbo,Black,Black,33350,26000,AUTOTRADER
Used 2020 Acura MDX SH-AWD,Acura,MDX,2020,6-Cylinder,Offwhite,Unavail,37447,30000,AUTOTRADER
Used 1998 BMW M Roadster,BMW,M Roadster,1998,6-Cylinder,Black,Black,86267,16700,AUTOTRADER
Used 2020 Ford Ranger XLT,Ford,Ranger,2020,4-Cylinder Turbo,Red,Black,7825,29989,AUTOTRADER
-,kawasaki ninja 300,"Virginia Beach, VA",1726007,-,-,-,-,-
Used 2017 Chevrolet Tahoe LS,Chevrolet,Tahoe,2017,8-Cylinder,Silver,Black,102000,12000,AUTOTRADER
Used 2020 Honda CR-V LX,Honda,CR-V,2020,4-Cylinder Turbo,Black,Black,31307,23131,AUTOTRADER
Used 2020 Ford Escape SE,Ford,Escape,2020,3-Cylinder Turbo,Black,Gray,22285,18700,AUTOTRADER
New 2024 BMW 530i w/ Premium Package,BMW,530i,2024,4-Cylinder Turbo,Blue,Black,8,62095,AUTOTRADER
Used 2019 Kia Niro EX,Kia,Niro,2019,Hybrid,Gray,Gray,43558,18994,AUTOTRADER
Used 2020 Kia Sportage EX,Kia,Sportage,2020,4-Cylinder,Gray,Gray,38787,19454,AUTOTRADER
Used 2018 Nissan Rogue Sport SV,Nissan,Rogue Sport,2018,4-Cylinder,Red,Black,50994,16990,AUTOTRADER
Used 2021 Honda Accord EX,Honda,Accord,2021,Hybrid,Offwhite,Black,22117,27175,AUTOTRADER
Used 2021 Ford Bronco Badlands,Ford,Bronco,2021,6-Cylinder Turbo,Pink,Black,24290,49250,AUTOTRADER
Used 2022 Subaru Forester Wilderness,Subaru,Forester,2022,4-Cylinder,Green,Gray,10677,32000,AUTOTRADER
Used 2019 Jeep Compass Latitude,Jeep,Compass,2019,4-Cylinder,Black,Black,43988,18700,AUTOTRADER
Certified 2022 Kia Sportage LX,Kia,Sportage,2022,4-Cylinder,Red,Black,13476,19912,AUTOTRADER
Certified 2023 Kia Sportage EX,Kia,Sportage,2023,4-Cylinder,Gray,Black,16921,26995,AUTOTRADER
New 2024 Subaru Outback Limited XT,Subaru,Outback,2024,4-Cylinder Turbo,White,Offwhite,3,39428,AUTOTRADER
Used 2012 Honda Fit Sport,Honda,Fit,2012,4-Cylinder,Black,Black,87489,10384,AUTOTRADER
Used 2021 Nissan Kicks S,Nissan,Kicks,2021,4-Cylinder,Black,Black,9163,17704,AUTOTRADER
Used 2021 Hyundai Kona SE,Hyundai,Kona,2021,4-Cylinder,Red,Unavail,30836,18799,AUTOTRADER
Used 2021 Kia Soul EX,Kia,Soul,2021,4-Cylinder,White,Unavail,10802,19123,AUTOTRADER
Certified 2020 Hyundai Santa Fe SE,Hyundai,Santa Fe,2020,4-Cylinder,Red,Beige,22584,22077,AUTOTRADER
Certified 2020 Hyundai Santa Fe Limited,Hyundai,Santa Fe,2020,4-Cylinder,Black,Black,24731,26176,AUTOTRADER
Used 2020 Chevrolet Traverse LT,Chevrolet,Traverse,2020,6-Cylinder,Gray,Black,52066,26899,AUTOTRADER
Certified 2023 Hyundai Santa Fe SE,Hyundai,Santa Fe,2023,4-Cylinder,Silver,Black,7549,28255,AUTOTRADER
Certified 2023 Genesis G80 2.5T,Genesis,G80,2023,4-Cylinder Turbo,Black,Beige,1208,51008,AUTOTRADER
Used 2018 Lexus ES 350,Lexus,ES 350,2018,6-Cylinder,Black,Gray,57828,23880,AUTOTRADER
Used 2017 Mercedes-Benz E 300 4MATIC,Mercedes-Benz,E 300,2017,4-Cylinder Turbo,Offwhite,Beige,84691,20939,AUTOTRADER
Used 2021 Toyota Highlander LE,Toyota,Highlander,2021,6-Cylinder,White,Gray,24673,28994,AUTOTRADER
Used 2021 Alfa Romeo Giulia Ti Sport,Alfa Romeo,Giulia,2021,4-Cylinder Turbo,Black,Black,6370,32600,AUTOTRADER
Used 2018 Toyota RAV4 Limited,Toyota,RAV4,2018,Hybrid,Blue,Black,26460,26000,AUTOTRADER
Used 2020 Chevrolet Traverse LT,Chevrolet,Traverse,2020,6-Cylinder,Black,Black,28818,29998,AUTOTRADER
Used 2023 Porsche Macan,Porsche,Macan,2023,4-Cylinder Turbo,Blue,Black,4494,59584,AUTOTRADER
Used 2018 Honda CR-V EX-L,Honda,CR-V,2018,4-Cylinder Turbo,White,Black,40952,24759,AUTOTRADER
Used 2021 Honda Odyssey EX,Honda,Odyssey,2021,6-Cylinder,Gray,Unavail,27025,32840,AUTOTRADER
Used 2012 Mercedes-Benz ML 350 4MATIC,Mercedes-Benz,ML 350,2012,6-Cylinder,White,Beige,115611,12500,AUTOTRADER
Used 2013 Volvo C70 T5 w/ Climate Pkg,Volvo,C70,2013,5-Cylinder Turbo,White,Beige,48760,19900,AUTOTRADER
Used 2000 Pontiac Firebird Formula,Pontiac,Firebird,2000,8-Cylinder,Red,Black,76274,12500,AUTOTRADER
Used 2019 Tesla Model S 100D,Tesla,Model S,2019,Electric,White,Beige,37113,39900,AUTOTRADER
Used 2017 Kia Sorento SX,Kia,Sorento,2017,6-Cylinder,Silver,Black,59298,19894,AUTOTRADER
Certified 2021 Nissan Sentra S,Nissan,Sentra,2021,4-Cylinder,Silver,Black,15455,19400,AUTOTRADER
Used 2021 Nissan Rogue SV,Nissan,Rogue,2021,4-Cylinder,White,Gray,21740,25000,AUTOTRADER
Used 2019 Toyota Camry XLE,Toyota,Camry,2019,4-Cylinder,Gray,Gray,48008,22473,AUTOTRADER
Used 2019 Chevrolet Equinox LT,Chevrolet,Equinox,2019,4-Cylinder Turbo,Gray,Black,57580,17200,AUTOTRADER
Used 2019 Subaru Outback 2.5i Limited,Subaru,Outback,2019,4-Cylinder,Gray,Offwhite,25340,25995,AUTOTRADER
Used 2020 Nissan Rogue Sport S,Nissan,Rogue Sport,2020,4-Cylinder,White,Black,28079,18899,AUTOTRADER
Used 2020 Hyundai Kona SEL Plus,Hyundai,Kona,2020,4-Cylinder,Black,Black,32885,19784,AUTOTRADER
Used 2020 Honda HR-V EX,Honda,HR-V,2020,4-Cylinder,Red,Black,33996,21756,AUTOTRADER
Used 2023 Hyundai Santa Fe SE,Hyundai,Santa Fe,2023,4-Cylinder,Black,Gray,7769,28395,AUTOTRADER
Certified 2023 Hyundai Ioniq 5 SE,Hyundai,Ioniq 5,2023,Electric,Black,Gray,3132,30990,AUTOTRADER
Used 2021 Porsche Macan,Porsche,Macan,2021,4-Cylinder Turbo,Silver,Gray,31844,39763,AUTOTRADER
Used 2019 BMW 440i Gran Coupe xDrive,BMW,440i Gran Coupe xDrive,2019,6-Cylinder Turbo,Gray,Black,49834,28451,AUTOTRADER
Used 2020 Volvo XC90 T5 Momentum,Volvo,XC90,2020,4-Cylinder Turbo,Gray,Black,24914,34390,AUTOTRADER
Used 2015 Chevrolet Impala LTZ,Chevrolet,Impala,2015,6-Cylinder,Red,Black,19600,19000,AUTOTRADER
Used 2020 BMW 330i xDrive Sedan,BMW,330i xDrive,2020,4-Cylinder Turbo,Blue,Black,38819,25994,AUTOTRADER
Used 2023 Hyundai Sonata Limited,Hyundai,Sonata,2023,4-Cylinder Turbo,Black,Unavail,5310,27500,AUTOTRADER
Certified 2023 Dodge Charger Scat Pack,Dodge,Charger,2023,8-Cylinder,White,Black,4759,58994,AUTOTRADER
Used 2020 Volkswagen Arteon SE,Volkswagen,Arteon,2020,4-Cylinder Turbo,White,Black,22335,24643,AUTOTRADER
Used 2021 Volkswagen Tiguan SEL,Volkswagen,Tiguan,2021,4-Cylinder Turbo,Black,Black,32108,26300,AUTOTRADER
Used 2016 Lexus RX 350 AWD,Lexus,RX 350,2016,6-Cylinder,Beige,Unavail,42234,27500,AUTOTRADER
Used 2018 Toyota Corolla LE,Toyota,Corolla,2018,4-Cylinder,Silver,Black,75355,14995,AUTOTRADER
Certified 2022 Kia Soul EX,Kia,Soul,2022,4-Cylinder,Black,Black,12799,21995,AUTOTRADER
Used 2017 Ford Flex Limited,Ford,Flex,2017,6-Cylinder,Silver,Black,67805,17700,AUTOTRADER
Used 2018 Honda Odyssey EX-L,Honda,Odyssey,2018,6-Cylinder,White,Beige,50618,27500,AUTOTRADER
Used 2018 Honda Pilot Elite,Honda,Pilot,2018,6-Cylinder,Silver,Gray,21023,31995,AUTOTRADER
Certified 2023 GMC Sierra 1500 SLE,GMC,Sierra 1500,2023,6-Cylinder Turbo,Silver,Black,197,47995,AUTOTRADER
Certified 2023 Volkswagen Arteon SE,Volkswagen,Arteon,2023,4-Cylinder Turbo,White,Black,4058,31863,AUTOTRADER
-,kawasaki ninja 300,"Orlando, FL",1606322,-,-,-,-,-
Used 2021 Chevrolet Tahoe LT,Chevrolet,Tahoe,2021,8-Cylinder,Gray,Black,84893,47777,AUTOTRADER
Used 2022 Volkswagen Tiguan SE,Volkswagen,Tiguan,2022,4-Cylinder Turbo,Gray,Black,10724,26000,AUTOTRADER
Used 2021 Lexus RX 350 F Sport,Lexus,RX 350,2021,6-Cylinder,White,Red,20512,43990,AUTOTRADER
Used 2016 RAM ProMaster City Tradesman,RAM,ProMaster City,2016,4-Cylinder,White,Black,74033,11999,AUTOTRADER
Used 2006 Dodge Ram 3500 Truck SLT,Dodge,Ram 3500 Truck,2006,6-Cylinder Turbo,Blue,Gray,175000,15400,AUTOTRADER
Used 2012 Mercedes-Benz S 550,Mercedes-Benz,S 550,2012,8-Cylinder Turbo,Silver,Gray,53000,17495,AUTOTRADER
Used 2021 Honda Civic LX,Honda,Civic,2021,4-Cylinder Turbo,Offwhite,Black,22020,22888,AUTOTRADER
Used 2020 Subaru BRZ Limited,Subaru,BRZ,2020,4-Cylinder,Black,Black,4596,24990,AUTOTRADER
Used 2021 Honda CR-V EX,Honda,CR-V,2021,Hybrid,White,Tan,25400,28000,AUTOTRADER
Used 2017 Lexus GS 350,Lexus,GS 350,2017,6-Cylinder,White,Beige,51516,28990,AUTOTRADER
Used 2021 Honda Pilot EX-L,Honda,Pilot,2021,6-Cylinder,Gray,Black,44155,29748,AUTOTRADER
Used 2017 Tesla Model S P100D,Tesla,Model S,2017,Electric,White,Black,67778,30750,AUTOTRADER
Used 2019 Lexus ES 350,Lexus,ES 350,2019,6-Cylinder,White,Beige,48260,30990,AUTOTRADER
Used 2019 Tesla Model S Standard Range,Tesla,Model S,2019,Electric,Red,Black,45969,33994,AUTOTRADER
Used 2021 Subaru Ascent Touring,Subaru,Ascent,2021,4-Cylinder Turbo,Gray,Brown,25585,34840,AUTOTRADER
Used 2019 Lexus RX 350 F Sport,Lexus,RX 350,2019,6-Cylinder,Silver,Gray,54051,34995,AUTOTRADER
Used 2022 Ford Bronco 2-Door,Ford,Bronco,2022,4-Cylinder Turbo,Gray,Black,8400,36987,AUTOTRADER
Used 2022 Ford Bronco 4-Door,Ford,Bronco,2022,6-Cylinder Turbo,Blue,Black,1,46900,AUTOTRADER
Used 2013 Volkswagen Beetle 2.0T,Volkswagen,Beetle,2013,4-Cylinder Turbo,Red,Beige,68558,13183,AUTOTRADER
Used 2020 Hyundai Elantra SEL,Hyundai,Elantra,2020,4-Cylinder,Blue,Gray,36724,15964,AUTOTRADER
Used 2019 Chevrolet Equinox LT,Chevrolet,Equinox,2019,4-Cylinder Turbo,Blue,Black,54859,16991,AUTOTRADER
Certified 2020 Chevrolet Equinox LT,Chevrolet,Equinox,2020,4-Cylinder Turbo,Blue,Black,21241,21241,AUTOTRADER
Used 2021 Honda Civic Sport,Honda,Civic,2021,4-Cylinder,,,22677,22422,AUTOTRADER
Used 2019 Honda Accord EX,Honda,Accord,2019,4-Cylinder Turbo,Blue,Gray,42722,22892,AUTOTRADER
Used 2021 Chevrolet Blazer LT,Chevrolet,Blazer,2021,6-Cylinder,Black,Black,32352,23991,AUTOTRADER
Used 2021 MAZDA CX-5 Touring,MAZDA,CX-5,2021,4-Cylinder,Red,Black,19236,23994,AUTOTRADER
Used 2019 Honda Passport Sport,Honda,Passport,2019,6-Cylinder,Gray,Black,45411,24283,AUTOTRADER
Used 2021 Honda CR-V EX-L,Honda,CR-V,2021,4-Cylinder Turbo,Blue,Black,33268,24995,AUTOTRADER
Used 2021 Honda CR-V EX-L,Honda,CR-V,2021,4-Cylinder Turbo,Silver,Gray,26346,28373,AUTOTRADER
Used 2020 Ford F150 XLT,Ford,F150,2020,6-Cylinder,Silver,Gray,33874,29995,AUTOTRADER
Used 2018 Toyota Tundra SR5,Toyota,Tundra,2018,8-Cylinder,Gray,Gray,51364,32990,AUTOTRADER
Used 2021 Honda Passport Elite,Honda,Passport,2021,6-Cylinder,Gray,,19963,33500,AUTOTRADER
Used 2021 GMC Sierra 1500 Elevation,GMC,Sierra 1500,2021,8-Cylinder,Gray,Black,666,38989,AUTOTRADER
Used 2020 GMC Sierra 1500 SLT,GMC,Sierra 1500,2020,8-Cylinder,Black,Black,33856,43569,AUTOTRADER
Used 2023 Mercedes-Benz C 300 Sedan,Mercedes-Benz,C 300,2023,4-Cylinder Turbo,White,Beige,3839,45195,AUTOTRADER
Used 2018 RAM 2500 Laramie,RAM,2500,2018,6-Cylinder Turbo,White,Black,47880,48999,AUTOTRADER
Used 2020 Nissan Sentra SV,Nissan,Sentra,2020,4-Cylinder,Black,Black,14149,19000,AUTOTRADER
Used 2016 Lexus NX 200t AWD,Lexus,NX 200t,2016,4-Cylinder Turbo,White,Red,54645,22632,AUTOTRADER
Certified 2021 Nissan Murano SL,Nissan,Murano,2021,6-Cylinder,White,Offwhite,22230,26191,AUTOTRADER
Used 2016 BMW 528i xDrive Sedan,BMW,528i xDrive,2016,4-Cylinder Turbo,Black,,64418,14780,AUTOTRADER
Used 2016 BMW 320i xDrive Sedan,BMW,320i xDrive,2016,4-Cylinder Turbo,White,Offwhite,64412,14992,AUTOTRADER
Used 2018 Toyota Corolla L,Toyota,Corolla,2018,4-Cylinder,White,Beige,30199,15437,AUTOTRADER
Used 2017 Ford Mustang Coupe,Ford,Mustang,2017,6-Cylinder,Silver,Black,59627,16116,AUTOTRADER
Used 2020 Ford Fusion SE,Ford,Fusion,2020,Hybrid,White,Black,35549,16778,AUTOTRADER
Used 2016 Subaru Outback 2.5i Premium,Subaru,Outback,2016,4-Cylinder,Silver,Black,43633,17533,AUTOTRADER
Used 2019 Chevrolet Equinox LS,Chevrolet,Equinox,2019,4-Cylinder Turbo,White,Gray,41411,17888,AUTOTRADER
Used 2019 Honda Insight Touring,Honda,Insight,2019,Hybrid,Gray,Black,31269,19995,AUTOTRADER
Used 2018 Toyota Camry SE,Toyota,Camry,2018,4-Cylinder,White,Black,41022,20294,AUTOTRADER
Used 2019 MAZDA CX-5 Touring,MAZDA,CX-5,2019,4-Cylinder,Gray,Beige,34780,20476,AUTOTRADER
Used 2021 Chevrolet Equinox LT,Chevrolet,Equinox,2021,4-Cylinder Turbo,Blue,Black,18689,22100,AUTOTRADER
Used 2020 Buick Envision Preferred,Buick,Envision,2020,4-Cylinder,Gray,Beige,37668,22275,AUTOTRADER
Certified 2022 Nissan Altima 2.5 SV,Nissan,Altima,2022,4-Cylinder,Gray,Black,8969,23000,AUTOTRADER
Used 2021 Ford Edge SE,Ford,Edge,2021,4-Cylinder Turbo,Gray,Black,26076,23439,AUTOTRADER
Used 2020 INFINITI Q50 Luxe,INFINITI,Q50,2020,6-Cylinder Turbo,Gray,Unavail,30199,24590,AUTOTRADER
Used 2022 Honda Civic Sport,Honda,Civic,2022,4-Cylinder,Black,Black,14792,24999,AUTOTRADER
Used 2019 Toyota RAV4 XLE,Toyota,RAV4,2019,4-Cylinder,Gray,Gray,44826,25232,AUTOTRADER
Used 2015 Ford Transit 150 XLT,Ford,Transit 150,2015,6-Cylinder,White,Black,55586,26000,AUTOTRADER
Certified 2022 Subaru Forester Premium,Subaru,Forester,2022,4-Cylinder,Brown,Black,14935,27770,AUTOTRADER
Certified 2023 Nissan Altima 2.5 SL,Nissan,Altima,2023,4-Cylinder,Black,Black,4137,27981,AUTOTRADER
Used 2020 Cadillac XT5 Premium Luxury,Cadillac,XT5,2020,6-Cylinder,Red,Black,39729,29226,AUTOTRADER
Used 2019 Chevrolet Traverse Premier,Chevrolet,Traverse,2019,6-Cylinder,White,Black,49712,29299,AUTOTRADER
-,kawasaki ninja 300,"Jacksonville, FL",1561103,-,-,-,-,-
New 2023 Buick Envision Preferred,Buick,Envision,2023,4-Cylinder Turbo,Brown,Black,5,34556,AUTOTRADER
Used 2019 Jeep Cherokee Limited,Jeep,Cherokee,2019,4-Cylinder,Gray,Gray,71231,18594,AUTOTRADER
Used 2017 Volkswagen Jetta SEL,Volkswagen,Jetta,2017,4-Cylinder Turbo,Black,Unavail,20177,16400,AUTOTRADER
Used 2020 Chevrolet Camaro SS,Chevrolet,Camaro,2020,8-Cylinder,Red,Black,10704,41950,AUTOTRADER
Used 2022 Toyota Camry TRD,Toyota,Camry,2022,6-Cylinder,White,Black,12635,33400,AUTOTRADER
Used 2014 Toyota Camry XLE,Toyota,Camry,2014,4-Cylinder,Gold,Gold,136500,11950,AUTOTRADER
New 2024 Chevrolet Silverado 1500 RST,Chevrolet,Silverado 1500,2024,8-Cylinder,Red,Black,3,61440,AUTOTRADER
Used 2018 Nissan Frontier S,Nissan,Frontier,2018,6-Cylinder,White,Gray,46000,22500,AUTOTRADER
Certified 2021 Lexus GX 460 Luxury,Lexus,GX 460,2021,8-Cylinder,Silver,Beige,28137,51991,AUTOTRADER
Used 2019 Cadillac CTS Luxury,Cadillac,CTS,2019,4-Cylinder Turbo,Silver,Black,45933,26301,AUTOTRADER
Used 2022 Jeep Compass Limited,Jeep,Compass,2022,4-Cylinder,Gray,Black,19647,25500,AUTOTRADER
Used 2019 Lexus RX 350L FWD,Lexus,RX 350L,2019,6-Cylinder,Blue,Black,64122,28998,AUTOTRADER
Certified 2022 Chrysler 300 Touring,Chrysler,300,2022,6-Cylinder,Black,Black,18975,26394,AUTOTRADER
Used 2020 Hyundai Kona SEL,Hyundai,Kona,2020,4-Cylinder,Silver,Unavail,32852,17227,AUTOTRADER
Used 2022 Hyundai Santa Fe SEL,Hyundai,Santa Fe,2022,4-Cylinder,Black,Black,20561,24906,AUTOTRADER
Used 2018 Lexus NX 300 FWD,Lexus,NX 300,2018,4-Cylinder Turbo,Black,Red,34546,24398,AUTOTRADER
Used 2018 Ford Explorer Platinum,Ford,Explorer,2018,6-Cylinder Turbo,Black,Black,30325,26979,AUTOTRADER
Used 2019 RAM ProMaster 1500,RAM,ProMaster,2019,6-Cylinder,White,Black,46824,27369,AUTOTRADER
Used 2018 Tesla Model S 100D,Tesla,Model S,2018,Electric,White,Tan,54419,32749,AUTOTRADER
Used 2005 Mercedes-Benz SL 500,Mercedes-Benz,SL 500,2005,8-Cylinder,Black,Black,26100,24000,AUTOTRADER
Used 2000 Porsche 911 Carrera,Porsche,911,2000,6-Cylinder,Blue,Beige,81640,27500,AUTOTRADER
Used 2016 Porsche Boxster Black Edition,Porsche,Boxster,2016,6-Cylinder,Black,Black,20000,49750,AUTOTRADER
Used 2018 Chevrolet Camaro ZL1,Chevrolet,Camaro,2018,8-Cylinder Supercharged,Gray,Black,15900,56500,AUTOTRADER
Used 2022 Ford Bronco Wildtrak,Ford,Bronco,2022,6-Cylinder Turbo,Charcoal,Black,4000,66000,AUTOTRADER
Used 2017 Hyundai Elantra SE,Hyundai,Elantra,2017,4-Cylinder,Beige,Beige,24755,12995,AUTOTRADER
Used 2012 Toyota Prius Five,Toyota,Prius,2012,Hybrid,Green,Gray,50009,15351,AUTOTRADER
Used 2018 Honda Civic LX,Honda,Civic,2018,4-Cylinder,Blue,Black,51059,15999,AUTOTRADER
Used 2016 Subaru BRZ Premium,Subaru,BRZ,2016,4-Cylinder,White,Black,62349,19444,AUTOTRADER
Used 2019 MAZDA MAZDA3 AWD Hatchback,MAZDA,MAZDA3,2019,4-Cylinder,Blue,Black,20276,21320,AUTOTRADER
Used 2022 Volvo S60 B5 Momentum,Volvo,S60,2022,4-Cylinder Turbo,Silver,Unavail,22189,27733,AUTOTRADER
Used 2022 BMW 330i xDrive Sedan,BMW,330i xDrive,2022,4-Cylinder Turbo,Blue,Black,21977,34999,AUTOTRADER
Used 2021 Hyundai Sonata SEL Plus,Hyundai,Sonata,2021,4-Cylinder Turbo,Gray,Black,20319,23987,AUTOTRADER
Used 2020 Nissan Pathfinder SV,Nissan,Pathfinder,2020,6-Cylinder,White,Black,41105,20894,AUTOTRADER
Certified 2020 Jeep Cherokee Limited,Jeep,Cherokee,2020,6-Cylinder,Silver,Black,37936,24954,AUTOTRADER
Used 2012 Chevrolet Camaro LT,Chevrolet,Camaro,2012,6-Cylinder,White,Black,61763,13500,AUTOTRADER
Used 2018 Ford Fusion S,Ford,Fusion,2018,4-Cylinder,Gray,Gray,44333,16697,AUTOTRADER
Used 2008 Ford F250 XLT,Ford,F250,2008,8-Cylinder Turbo,White,Beige,101415,12900,AUTOTRADER
Used 2004 Mercedes-Benz SL 55 AMG,Mercedes-Benz,SL 55 AMG,2004,8-Cylinder Supercharged,Silver,Gray,93432,14000,AUTOTRADER
Used 2021 Ford Bronco Badlands,Ford,Bronco,2021,6-Cylinder Turbo,Turquoise,Black,23350,43900,AUTOTRADER
Used 2007 Dodge Ram 3500 Truck SLT,Dodge,Ram 3500 Truck,2007,6-Cylinder Turbo,Black,Gray,194000,17700,AUTOTRADER
Used 2018 Honda Civic LX,Honda,Civic,2018,4-Cylinder,White,Black,19714,18383,AUTOTRADER
Used 2019 Chevrolet Impala Premier,Chevrolet,Impala,2019,6-Cylinder,Blue,Black,28070,21029,AUTOTRADER
Used 2018 Tesla Model 3 Mid Range,Tesla,Model 3,2018,Electric,Black,Black,55579,23050,AUTOTRADER
Used 2018 Tesla Model S 75D,Tesla,Model S,2018,Electric,Gray,Black,69988,26185,AUTOTRADER
Used 2020 Tesla Model Y Long Range,Tesla,Model Y,2020,Electric,Gray,Black,38812,30083,AUTOTRADER
Used 2019 Maserati Ghibli S GranLusso,Maserati,Ghibli,2019,6-Cylinder Turbo,White,Black,47721,30705,AUTOTRADER
Used 2018 Tesla Model S 75D,Tesla,Model S,2018,Electric,Black,Black,39443,32312,AUTOTRADER
Used 2018 Ford F150 Lariat,Ford,F150,2018,6-Cylinder Turbo,Black,Black,54260,33380,AUTOTRADER
Used 2020 Lincoln Aviator Reserve,Lincoln,Aviator,2020,6-Cylinder Turbo,White,Black,40109,34843,AUTOTRADER
Used 2018 Cadillac Escalade Luxury,Cadillac,Escalade,2018,8-Cylinder,Black,Black,48601,38123,AUTOTRADER
Used 2019 Lincoln Navigator Reserve,Lincoln,Navigator,2019,6-Cylinder Turbo,Black,Black,52451,43472,AUTOTRADER
Used 2020 Land Rover Defender 110 HSE,Land Rover,Defender,2020,6-Cylinder Turbo,Black,,32569,56182,AUTOTRADER
Used 2017 BMW X3 xDrive28i,BMW,X3,2017,4-Cylinder Turbo,Black,Black,81417,16877,AUTOTRADER
Used 2018 Subaru Outback 2.5i Limited,Subaru,Outback,2018,4-Cylinder,Red,Black,64153,20877,AUTOTRADER
Used 2017 Toyota Highlander XLE,Toyota,Highlander,2017,6-Cylinder,Gray,Gray,85309,21877,AUTOTRADER
-,kawasaki ninja 300,"Pittsburgh, PA",1649616,-,-,-,-,-
New 2024 Jeep Gladiator Sport,Jeep,Gladiator,2024,6-Cylinder,Gray,Black,11,52219,AUTOTRADER
Used 2017 Volkswagen Golf R 4-Door,Volkswagen,Golf R,2017,4-Cylinder Turbo,Black,Black,37000,25000,AUTOTRADER
Used 2015 Honda Civic EX-L,Honda,Civic,2015,4-Cylinder,Burgundy,Tan,122000,11000,AUTOTRADER
Used 2015 INFINITI Q70 3.7,INFINITI,Q70,2015,6-Cylinder,White,Black,63130,19499,AUTOTRADER
Used 2020 Jeep Grand Cherokee Limited,Jeep,Grand Cherokee,2020,6-Cylinder,Black,Black,25204,29299,AUTOTRADER
Used 2018 Honda CR-V EX-L,Honda,CR-V,2018,4-Cylinder Turbo,White,Black,33693,24991,AUTOTRADER
Used 2022 Hyundai Palisade Limited,Hyundai,Palisade,2022,6-Cylinder,Gray,Black,15224,39998,AUTOTRADER
Used 2019 Toyota RAV4 XLE,Toyota,RAV4,2019,4-Cylinder,Gray,Gray,44826,25232,AUTOTRADER
Used 2011 RAM 1500 Classic SLT,RAM,1500,2011,8-Cylinder,Gray,Gray,114000,8000,AUTOTRADER
Used 2020 Chevrolet Bolt LT,Chevrolet,Bolt,2020,Electric,Red,Gray,28384,15950,AUTOTRADER
Used 2023 Toyota RAV4 Limited,Toyota,RAV4,2023,Hybrid,Offwhite,Black,2493,39500,AUTOTRADER
Used 2022 Mitsubishi Outlander SE,Mitsubishi,Outlander,2022,4-Cylinder,Red,Black,13843,27690,AUTOTRADER
Used 2016 Honda Fit EX,Honda,Fit,2016,4-Cylinder,Blue,Black,65057,14397,AUTOTRADER
Certified 2020 Chevrolet Equinox LT,Chevrolet,Equinox,2020,4-Cylinder Turbo,Brown,Black,30483,21896,AUTOTRADER
Used 2021 Hyundai Palisade Limited,Hyundai,Palisade,2021,6-Cylinder,White,Beige,34142,36057,AUTOTRADER
Used 2017 Lexus NX 200t AWD,Lexus,NX 200t,2017,4-Cylinder Turbo,White,Beige,69018,22578,AUTOTRADER
Used 2009 Toyota Prius,Toyota,Prius,2009,Hybrid,Silver,Gray,136564,6995,AUTOTRADER
Used 2013 Porsche Cayenne,Porsche,Cayenne,2013,6-Cylinder,Black,Black,156800,12500,AUTOTRADER
Used 2014 Honda CR-V EX-L,Honda,CR-V,2014,4-Cylinder,Black,Black,95582,14949,AUTOTRADER
Used 2020 Nissan Sentra SV,Nissan,Sentra,2020,4-Cylinder,Gray,Black,6529,18299,AUTOTRADER
Used 2018 Honda Accord LX,Honda,Accord,2018,4-Cylinder Turbo,Gray,Black,39000,19499,AUTOTRADER
Used 2021 MAZDA CX-5 Grand Touring,MAZDA,CX-5,2021,4-Cylinder,Gray,Black,19674,24998,AUTOTRADER
Used 2020 Toyota RAV4 XLE,Toyota,RAV4,2020,4-Cylinder,White,Gray,32342,26498,AUTOTRADER
Used 2020 Cadillac XT4 Premium Luxury,Cadillac,XT4,2020,4-Cylinder Turbo,Black,Black,22464,28498,AUTOTRADER
Certified 2022 Toyota Camry XLE,Toyota,Camry,2022,4-Cylinder,Blue,Unavail,12072,28998,AUTOTRADER
Certified 2019 Toyota RAV4 XLE,Toyota,RAV4,2019,4-Cylinder,White,Black,9102,28998,AUTOTRADER
Certified 2021 Toyota Tacoma SR,Toyota,Tacoma,2021,6-Cylinder,Red,Unavail,15224,33498,AUTOTRADER
Used 2018 Toyota Tacoma TRD Off-Road,Toyota,Tacoma,2018,6-Cylinder,Blue,Gray,33347,34498,AUTOTRADER
Used 2021 Toyota Highlander XLE,Toyota,Highlander,2021,6-Cylinder,White,Gray,19305,35898,AUTOTRADER
Used 2023 Toyota Highlander XLE,Toyota,Highlander,2023,4-Cylinder Turbo,Gray,Black,8546,40198,AUTOTRADER
Used 2021 Ford F150 Lariat,Ford,F150,2021,6-Cylinder Turbo,Black,Black,19200,48000,AUTOTRADER
Used 2019 Volkswagen Golf Alltrack,Volkswagen,Golf,2019,4-Cylinder Turbo,Black,,14001,26945,AUTOTRADER
Used 2014 Chevrolet Express 2500,Chevrolet,Express 2500,2014,8-Cylinder,White,Tan,106439,12200,AUTOTRADER
Certified 2021 Jeep Renegade Latitude,Jeep,Renegade,2021,4-Cylinder,Blue,Black,7960,21328,AUTOTRADER
Used 2020 Chevrolet Silverado 1500 RST,Chevrolet,Silverado 1500,2020,8-Cylinder,White,Black,23037,35950,AUTOTRADER
Used 2022 Honda CR-V EX,Honda,CR-V,2022,4-Cylinder Turbo,Black,Black,26772,26521,AUTOTRADER
Used 2023 Chevrolet Silverado 1500 LTZ,Chevrolet,Silverado 1500,2023,6-Cylinder Turbo,White,Black,10561,51131,AUTOTRADER
Used 2020 Mitsubishi Eclipse Cross ES,Mitsubishi,Eclipse Cross,2020,4-Cylinder Turbo,,,58322,15990,AUTOTRADER
Used 2018 Hyundai Elantra GT,Hyundai,Elantra,2018,4-Cylinder,Red,Black,19465,16990,AUTOTRADER
Used 2017 Jeep Renegade Trailhawk,Jeep,Renegade,2017,4-Cylinder,Tan,Black,50302,17610,AUTOTRADER
Used 2022 Mitsubishi Outlander SE,Mitsubishi,Outlander,2022,4-Cylinder,Silver,,14870,27215,AUTOTRADER
Used 2010 Jeep Wrangler Sport,Jeep,Wrangler,2010,6-Cylinder,Green,Green,139250,8500,AUTOTRADER
Used 2016 Honda CR-V EX,Honda,CR-V,2016,4-Cylinder,Red,Black,86425,16893,AUTOTRADER
Used 2013 Lexus GS 350 AWD,Lexus,GS 350,2013,6-Cylinder,White,,66550,20331,AUTOTRADER
Certified 2020 Chevrolet Equinox LT,Chevrolet,Equinox,2020,4-Cylinder Turbo,White,Black,29621,22449,AUTOTRADER
Used 2019 Ford F150 Raptor,Ford,F150,2019,6-Cylinder Turbo,Silver,Black,22501,47500,AUTOTRADER
Used 2021 Mercedes-Benz CLA 250 4MATIC,Mercedes-Benz,CLA 250,2021,4-Cylinder Turbo,Red,Unavail,29216,29878,AUTOTRADER
Used 2020 RAM 1500 Big Horn,RAM,1500,2020,8-Cylinder,Gray,Black,17801,36986,AUTOTRADER
Certified 2022 Jeep Wagoneer Series I,Jeep,Wagoneer,2022,8-Cylinder,Black,Black,11918,51510,AUTOTRADER
Used 2014 Acura RDX AWD,Acura,RDX,2014,6-Cylinder,Gray,Black,52871,17978,AUTOTRADER
Used 2019 Toyota Camry SE,Toyota,Camry,2019,4-Cylinder,Silver,Black,49505,20377,AUTOTRADER
Used 2018 Cadillac CT6 Luxury,Cadillac,CT6,2018,6-Cylinder,Silver,Black,42144,31928,AUTOTRADER
Used 2015 Chevrolet Colorado Z71,Chevrolet,Colorado,2015,6-Cylinder,Black,Black,79545,22976,AUTOTRADER
Used 2015 Mercedes-Benz CLS 400,Mercedes-Benz,CLS 400,2015,6-Cylinder Turbo,Black,Black,35123,25987,AUTOTRADER
Certified 2019 Lexus ES 350,Lexus,ES 350,2019,6-Cylinder,Red,Black,44960,29962,AUTOTRADER
Used 2019 Porsche Cayenne,Porsche,Cayenne,2019,6-Cylinder Turbo,Blue,Brown,44342,39983,AUTOTRADER
Certified 2022 Lexus RX 350 F Sport,Lexus,RX 350,2022,6-Cylinder,White,Unavail,17596,47934,AUTOTRADER
Used 2021 Toyota Sequoia TRD Pro,Toyota,Sequoia,2021,8-Cylinder,Black,Black,40267,52981,AUTOTRADER
Certified 2023 Lexus GX 460 Premium,Lexus,GX 460,2023,8-Cylinder,Gray,Black,7975,57953,AUTOTRADER
-,kawasaki ninja 300,"New York City, NY",951603,-,-,-,-,-
Used 2019 Honda CR-V EX-L,Honda,CR-V,2019,4-Cylinder Turbo,Black,Black,19750,24400,AUTOTRADER
Used 2020 Nissan Rogue Sport SL,Nissan,Rogue Sport,2020,4-Cylinder,Black,Black,22932,19999,AUTOTRADER
Used 2019 Honda Insight Touring,Honda,Insight,2019,Hybrid,Gray,Black,31269,19995,AUTOTRADER
Used 2010 Subaru Impreza WRX Sedan,Subaru,Impreza WRX,2010,4-Cylinder Turbo,Charcoal,Black,126000,8250,AUTOTRADER
Used 2021 GMC Terrain SLT,GMC,Terrain,2021,4-Cylinder Turbo,White,Black,21900,24157,AUTOTRADER
Used 2020 Jeep Grand Cherokee Limited,Jeep,Grand Cherokee,2020,6-Cylinder,Blue,Black,35441,27444,AUTOTRADER
New 2024 Toyota RAV4 LE,Toyota,RAV4,2024,4-Cylinder,Red,Black,0,32839,AUTOTRADER
Used 2021 MAZDA MAZDA6 Grand Touring,MAZDA,MAZDA6,2021,4-Cylinder Turbo,Black,Black,23797,22995,AUTOTRADER
Used 2014 Ford Fusion SE,Ford,Fusion,2014,4-Cylinder,Blue,Beige,81500,7500,AUTOTRADER
Used 2013 BMW 335is Coupe,BMW,335is,2013,6-Cylinder Turbo,Gray,Beige,45491,21500,AUTOTRADER
Certified 2021 MAZDA CX-5 Grand Touring,MAZDA,CX-5,2021,4-Cylinder,Blue,Black,10516,25799,AUTOTRADER
Used 2021 Porsche Macan,Porsche,Macan,2021,4-Cylinder Turbo,Black,Black,27878,41800,AUTOTRADER
Used 2021 Hyundai Tucson Limited,Hyundai,Tucson,2021,4-Cylinder,Offwhite,Beige,28291,24995,AUTOTRADER
Used 2016 Honda Accord Sport,Honda,Accord,2016,4-Cylinder,Red,Black,33957,17995,AUTOTRADER
Certified 2022 Honda Accord Sport,Honda,Accord,2022,4-Cylinder Turbo,Offwhite,Black,13557,26588,AUTOTRADER
Used 2019 Volkswagen Golf R 4-Door,Volkswagen,Golf R,2019,4-Cylinder Turbo,Black,Black,15000,32000,AUTOTRADER
Used 2016 Ford Transit 350 XLT,Ford,Transit 350,2016,6-Cylinder,Silver,Gray,10000,35600,AUTOTRADER
Used 2020 GMC Terrain SLE,GMC,Terrain,2020,4-Cylinder Turbo,White,Black,23295,20998,AUTOTRADER
Used 2021 Nissan Rogue SV,Nissan,Rogue,2021,4-Cylinder,Black,Black,27433,21997,AUTOTRADER
Used 2021 Nissan Rogue SV,Nissan,Rogue,2021,4-Cylinder,Silver,Black,14291,22304,AUTOTRADER
Used 2019 Honda Civic LX,Honda,Civic,2019,4-Cylinder,Blue,Gray,34256,16400,AUTOTRADER
Used 2013 Mercedes-Benz GLK 350 4MATIC,Mercedes-Benz,GLK 350,2013,6-Cylinder,Silver,Black,71085,12300,AUTOTRADER
Used 2021 Subaru Impreza 2.0i Premium,Subaru,Impreza,2021,4-Cylinder,Black,Black,21853,19595,AUTOTRADER
Used 2021 Toyota RAV4 XLE,Toyota,RAV4,2021,4-Cylinder,Silver,Black,22572,26867,AUTOTRADER
Used 2014 Jeep Wrangler Altitude,Jeep,Wrangler,2014,6-Cylinder,Black,Black,26639,23995,AUTOTRADER
Used 2016 BMW 528i xDrive Sedan,BMW,528i xDrive,2016,4-Cylinder Turbo,Black,,64418,14780,AUTOTRADER
Used 2022 Alfa Romeo Stelvio Veloce,Alfa Romeo,Stelvio,2022,4-Cylinder Turbo,Black,Black,17467,32998,AUTOTRADER
Used 2020 Hyundai Sonata SEL,Hyundai,Sonata,2020,Hybrid,Gray,Black,21718,21995,AUTOTRADER
Certified 2021 Jeep Compass Latitude,Jeep,Compass,2021,4-Cylinder,White,Black,19173,19998,AUTOTRADER
Certified 2021 Jeep Cherokee Limited,Jeep,Cherokee,2021,6-Cylinder,Silver,Black,21020,21888,AUTOTRADER
Certified 2020 Jeep Cherokee Limited,Jeep,Cherokee,2020,6-Cylinder,Silver,Black,33746,22089,AUTOTRADER
Certified 2021 Jeep Cherokee Limited,Jeep,Cherokee,2021,6-Cylinder,Gray,Gray,24789,23489,AUTOTRADER
Used 2021 Honda CR-V EX,Honda,CR-V,2021,4-Cylinder Turbo,Red,Gray,13004,25289,AUTOTRADER
Certified 2021 Dodge Durango Citadel,Dodge,Durango,2021,6-Cylinder,Gray,Unavail,23900,36998,AUTOTRADER
Used 2018 BMW 330i Gran Turismo xDrive,BMW,330i Gran Turismo xDrive,2018,4-Cylinder Turbo,Silver,Black,57146,16995,AUTOTRADER
Used 2013 BMW 328i xDrive Sedan,BMW,328i xDrive,2013,4-Cylinder Turbo,Black,Gray,144000,5500,AUTOTRADER
Certified 2023 Porsche Macan,Porsche,Macan,2023,4-Cylinder Turbo,White,Unavail,3881,57996,AUTOTRADER
Used 2016 MINI Cooper 2-Door Hardtop,MINI,Cooper,2016,3-Cylinder Turbo,White,Black,111000,6999,AUTOTRADER
Certified 2021 MAZDA CX-30 AWD 2.5 S,MAZDA,CX-30,2021,4-Cylinder,White,Black,15073,21288,AUTOTRADER
Certified 2021 MAZDA CX-5 Grand Touring,MAZDA,CX-5,2021,4-Cylinder,Blue,Black,8097,25998,AUTOTRADER
Used 2021 Jeep Renegade Latitude,Jeep,Renegade,2021,4-Cylinder,Blue,Black,18413,18991,AUTOTRADER
-,kawasaki ninja 300,"Newark, NJ",1664694,-,-,-,-,-
Used 2019 Honda Insight Touring,Honda,Insight,2019,Hybrid,Gray,Black,31269,19995,AUTOTRADER
Used 2019 Honda CR-V EX-L,Honda,CR-V,2019,4-Cylinder Turbo,Black,Black,19750,24400,AUTOTRADER
Used 2021 Subaru Impreza 2.0i Premium,Subaru,Impreza,2021,4-Cylinder,Black,Black,21853,19595,AUTOTRADER
Used 2021 Toyota RAV4 XLE,Toyota,RAV4,2021,4-Cylinder,Silver,Black,22572,26867,AUTOTRADER
Used 2010 Subaru Impreza WRX Sedan,Subaru,Impreza WRX,2010,4-Cylinder Turbo,Charcoal,Black,126000,8250,AUTOTRADER
Used 2018 Subaru WRX,Subaru,WRX,2018,4-Cylinder Turbo,White,Black,41948,21199,AUTOTRADER
Used 2020 Nissan Rogue Sport SL,Nissan,Rogue Sport,2020,4-Cylinder,Black,Black,22932,19999,AUTOTRADER
Used 2021 MAZDA MAZDA6 Grand Touring,MAZDA,MAZDA6,2021,4-Cylinder Turbo,Black,Black,23797,22995,AUTOTRADER
New 2024 Cadillac Lyriq Tech,Cadillac,Lyriq,2024,Electric,Black,Unavail,6,62925,AUTOTRADER
Used 2021 Porsche Macan,Porsche,Macan,2021,4-Cylinder Turbo,Black,Black,27878,41800,AUTOTRADER
Used 2021 Honda HR-V EX,Honda,HR-V,2021,4-Cylinder,Silver,Black,25692,22500,AUTOTRADER
Used 2021 Jeep Renegade Latitude,Jeep,Renegade,2021,4-Cylinder,Blue,Black,18413,18991,AUTOTRADER
Used 2020 Honda Accord Sport,Honda,Accord,2020,4-Cylinder Turbo,Offwhite,Black,39320,21991,AUTOTRADER
Used 2021 Jeep Grand Cherokee Limited,Jeep,Grand Cherokee,2021,6-Cylinder,White,Black,24516,28991,AUTOTRADER
Used 2020 Dodge Durango GT,Dodge,Durango,2020,6-Cylinder,Gray,Black,22154,30991,AUTOTRADER
Used 2021 RAM 1500 Big Horn,RAM,1500,2021,8-Cylinder,Black,Black,25735,35991,AUTOTRADER
Used 2022 Jeep Wagoneer Series III,Jeep,Wagoneer,2022,8-Cylinder,White,Black,14011,57991,AUTOTRADER
Used 2023 Porsche Macan,Porsche,Macan,2023,4-Cylinder Turbo,Black,Unavail,8915,54295,AUTOTRADER
Used 2023 Porsche Macan,Porsche,Macan,2023,4-Cylinder Turbo,Blue,Black,4097,54295,AUTOTRADER
Used 2023 Porsche Macan,Porsche,Macan,2023,4-Cylinder Turbo,Gray,Unavail,5327,54595,AUTOTRADER
Used 2023 Porsche Macan,Porsche,Macan,2023,4-Cylinder Turbo,White,Black,7242,54595,AUTOTRADER
Used 2017 BMW 330i xDrive Sedan,BMW,330i xDrive,2017,4-Cylinder Turbo,Gray,Black,38253,18968,AUTOTRADER
Certified 2023 Toyota Camry SE,Toyota,Camry,2023,4-Cylinder,Unavail,Black,8056,27271,AUTOTRADER
Used 2021 Toyota Camry XLE,Toyota,Camry,2021,Hybrid,Silver,Black,25434,28326,AUTOTRADER
Used 2021 Toyota Highlander L,Toyota,Highlander,2021,6-Cylinder,Black,Gray,31939,28813,AUTOTRADER
Used 2021 Honda Civic LX,Honda,Civic,2021,4-Cylinder,Offwhite,Offwhite,17597,19652,AUTOTRADER
Certified 2021 Honda Civic LX,Honda,Civic,2021,4-Cylinder,Offwhite,Black,28506,20188,AUTOTRADER
Used 2021 Honda Civic Sport,Honda,Civic,2021,4-Cylinder,Gray,Black,12553,21552,AUTOTRADER
Used 2021 Honda Civic EX,Honda,Civic,2021,4-Cylinder Turbo,Black,Black,22363,21865,AUTOTRADER
Certified 2020 Honda Accord Sport,Honda,Accord,2020,4-Cylinder Turbo,Offwhite,Black,37342,22488,AUTOTRADER
Used 2021 Honda Civic Sport,Honda,Civic,2021,4-Cylinder Turbo,Silver,Black,29217,22588,AUTOTRADER
Used 2020 Honda Accord Sport,Honda,Accord,2020,4-Cylinder Turbo,Black,Black,12545,23588,AUTOTRADER
Certified 2019 Honda CR-V EX-L,Honda,CR-V,2019,4-Cylinder Turbo,Gray,Gray,35250,24965,AUTOTRADER
Used 2021 Honda CR-V EX,Honda,CR-V,2021,4-Cylinder Turbo,Gray,Black,25443,25358,AUTOTRADER
Used 2021 Honda CR-V EX,Honda,CR-V,2021,4-Cylinder Turbo,Red,Black,28803,25488,AUTOTRADER
Certified 2020 Honda CR-V EX,Honda,CR-V,2020,4-Cylinder Turbo,Silver,Black,23666,25565,AUTOTRADER
Used 2021 Honda CR-V EX,Honda,CR-V,2021,4-Cylinder Turbo,Silver,Black,21072,25852,AUTOTRADER
Used 2020 Honda CR-V EX-L,Honda,CR-V,2020,4-Cylinder Turbo,Gray,Black,25415,26488,AUTOTRADER
Used 2021 Honda Accord EX,Honda,Accord,2021,Hybrid,Gray,Gray,14677,26498,AUTOTRADER
Used 2021 Honda CR-V EX,Honda,CR-V,2021,4-Cylinder Turbo,Black,Black,21599,26588,AUTOTRADER
Used 2021 Honda CR-V EX,Honda,CR-V,2021,4-Cylinder Turbo,Black,Black,11998,26865,AUTOTRADER
Certified 2021 Honda CR-V EX-L,Honda,CR-V,2021,4-Cylinder Turbo,Silver,Gray,22317,27688,AUTOTRADER
Used 2019 Lexus ES 350,Lexus,ES 350,2019,6-Cylinder,Gray,Black,19482,29588,AUTOTRADER
Used 2021 Honda Pilot EX-L,Honda,Pilot,2021,6-Cylinder,Silver,Black,22690,31522,AUTOTRADER
Used 2021 Honda Odyssey EX-L,Honda,Odyssey,2021,6-Cylinder,Offwhite,Beige,23882,32388,AUTOTRADER
Used 2020 Acura MDX SH-AWD,Acura,MDX,2020,6-Cylinder,Silver,Gray,26474,27995,AUTOTRADER
Used 2014 Ford Fusion SE,Ford,Fusion,2014,4-Cylinder,Blue,Beige,81500,7500,AUTOTRADER
Used 2021 Hyundai Tucson Limited,Hyundai,Tucson,2021,4-Cylinder,Offwhite,Beige,28291,24995,AUTOTRADER
Used 2019 Volkswagen Golf R 4-Door,Volkswagen,Golf R,2019,4-Cylinder Turbo,Black,Black,15000,32000,AUTOTRADER
Used 2020 Jeep Grand Cherokee Limited,Jeep,Grand Cherokee,2020,6-Cylinder,Blue,Black,35441,27444,AUTOTRADER
Used 2014 Jeep Wrangler Altitude,Jeep,Wrangler,2014,6-Cylinder,Black,Black,26639,23995,AUTOTRADER
Used 2015 Toyota Sienna LE,Toyota,Sienna,2015,6-Cylinder,Red,Gray,88465,17159,AUTOTRADER
Used 2021 Toyota Corolla LE,Toyota,Corolla,2021,4-Cylinder,Black,Black,33863,17815,AUTOTRADER
Used 2016 Toyota Prius Two,Toyota,Prius,2016,Hybrid,Green,Gray,54010,17964,AUTOTRADER
Used 2022 Toyota Corolla LE,Toyota,Corolla,2022,4-Cylinder,Silver,Black,20243,20507,AUTOTRADER
Used 2021 Toyota Camry LE,Toyota,Camry,2021,4-Cylinder,Red,Black,2390,23556,AUTOTRADER
Used 2019 Dodge Durango GT,Dodge,Durango,2019,6-Cylinder,Blue,Black,28388,27229,AUTOTRADER
Used 2021 Toyota Highlander Platinum,Toyota,Highlander,2021,6-Cylinder,Gray,Brown,32186,38294,AUTOTRADER
Used 2022 Toyota Sienna XSE,Toyota,Sienna,2022,Hybrid,Blue,Gray,18932,44838,AUTOTRADER
-,kawasaki ninja 300,"Cleveland, OH",1303987,-,-,-,-,-
Used 2019 Ford EcoSport SES,Ford,EcoSport,2019,4-Cylinder,Red,Black,43170,18851,AUTOTRADER
Used 2020 Hyundai Elantra SEL,Hyundai,Elantra,2020,4-Cylinder,Blue,Gray,36724,15964,AUTOTRADER
Certified 2020 Chevrolet Equinox LT,Chevrolet,Equinox,2020,4-Cylinder Turbo,Blue,Black,21241,21241,AUTOTRADER
Used 2021 MAZDA CX-5 Touring,MAZDA,CX-5,2021,4-Cylinder,Red,Black,19236,23994,AUTOTRADER
Used 2013 Lincoln MKZ,Lincoln,MKZ,2013,4-Cylinder Turbo,Red,Black,70274,10991,AUTOTRADER
Used 2014 Chevrolet Equinox LTZ,Chevrolet,Equinox,2014,4-Cylinder,Red,Black,94625,11529,AUTOTRADER
Used 2015 Jeep Renegade Latitude,Jeep,Renegade,2015,4-Cylinder,White,Black,41885,13128,AUTOTRADER
Used 2014 Cadillac SRX Luxury,Cadillac,SRX,2014,6-Cylinder,White,Beige,57625,13794,AUTOTRADER
Certified 2019 Chevrolet Trax LS,Chevrolet,Trax,2019,4-Cylinder Turbo,Silver,Black,45277,14149,AUTOTRADER
Used 2015 GMC Terrain Denali,GMC,Terrain,2015,4-Cylinder,Red,Black,57244,15945,AUTOTRADER
Used 2020 Hyundai Tucson SE,Hyundai,Tucson,2020,4-Cylinder,Silver,Gray,30760,17598,AUTOTRADER
Used 2019 Toyota Camry LE,Toyota,Camry,2019,4-Cylinder,Black,Black,37758,17979,AUTOTRADER
Used 2021 Chevrolet Equinox LT,Chevrolet,Equinox,2021,4-Cylinder Turbo,Silver,Black,16571,21708,AUTOTRADER
Used 2009 MAZDA MAZDA3 i Touring Value,MAZDA,MAZDA3,2009,4-Cylinder,Silver,Black,87499,7150,AUTOTRADER
Used 2013 Lexus ES 350,Lexus,ES 350,2013,6-Cylinder,Silver,Gray,109015,14900,AUTOTRADER
Used 2022 Ford EcoSport S,Ford,EcoSport,2022,4-Cylinder,Red,Gray,9354,18749,AUTOTRADER
Used 2022 Genesis GV70 2.5T,Genesis,GV70,2022,4-Cylinder Turbo,Silver,Black,13502,38970,AUTOTRADER
Used 2021 Toyota RAV4 XLE,Toyota,RAV4,2021,4-Cylinder,Gray,Black,27043,27000,AUTOTRADER
Used 2004 Audi TT 3.2,Audi,TT,2004,6-Cylinder,Red,Black,112470,7500,AUTOTRADER
Certified 2022 Kia Sportage LX,Kia,Sportage,2022,4-Cylinder,Blue,Black,16575,20877,AUTOTRADER
Used 2020 Kia Forte LXS,Kia,Forte,2020,4-Cylinder,Silver,Black,17145,15499,AUTOTRADER
Used 2018 Tesla Model 3 Long Range,Tesla,Model 3,2018,Electric,Black,White,18275,25899,AUTOTRADER
Used 2020 Jaguar F-PACE Prestige,Jaguar,F-PACE,2020,4-Cylinder Turbo,White,Black,37988,29299,AUTOTRADER
Used 2019 Hyundai Elantra SE,Hyundai,Elantra,2019,4-Cylinder,Red,Beige,45426,13974,AUTOTRADER
Certified 2021 Hyundai Santa Fe SE,Hyundai,Santa Fe,2021,4-Cylinder,Silver,Black,25130,21987,AUTOTRADER
Certified 2021 Hyundai Santa Fe SEL,Hyundai,Santa Fe,2021,4-Cylinder,Gray,Black,13745,24609,AUTOTRADER
Used 2021 Buick Envision Preferred,Buick,Envision,2021,4-Cylinder Turbo,Brown,Beige,10028,24722,AUTOTRADER
Used 2023 Honda Civic EX,Honda,Civic,2023,4-Cylinder Turbo,Offwhite,,12774,26321,AUTOTRADER
Used 2013 Toyota Prius One,Toyota,Prius,2013,Hybrid,Silver,Gray,71838,13722,AUTOTRADER
Used 2017 Honda Pilot EX-L,Honda,Pilot,2017,6-Cylinder,White,Gray,64983,23150,AUTOTRADER
Used 2022 Ford F150 XL,Ford,F150,2022,6-Cylinder,White,Black,6310,38160,AUTOTRADER
Used 2011 Honda Accord EX-L,Honda,Accord,2011,4-Cylinder,Red,Offwhite,117140,10542,AUTOTRADER
Used 2014 Subaru Forester 2.5i,Subaru,Forester,2014,4-Cylinder,Blue,Gray,89706,10794,AUTOTRADER
Used 2019 Ford EcoSport SE,Ford,EcoSport,2019,3-Cylinder Turbo,Blue,Black,72929,12364,AUTOTRADER
Used 2014 Chevrolet Impala LT,Chevrolet,Impala,2014,6-Cylinder,Unavail,Black,80784,13277,AUTOTRADER
Used 2015 Chevrolet Impala LTZ,Chevrolet,Impala,2015,6-Cylinder,Silver,Brown,89557,14738,AUTOTRADER
Used 2014 Jeep Grand Cherokee Limited,Jeep,Grand Cherokee,2014,6-Cylinder,Silver,Black,77978,15753,AUTOTRADER
Used 2016 MAZDA MAZDA6 Grand Touring,MAZDA,MAZDA6,2016,4-Cylinder,Blue,Black,54808,15896,AUTOTRADER
Used 2013 Dodge Challenger SXT,Dodge,Challenger,2013,6-Cylinder,Gray,Gray,42217,15960,AUTOTRADER
Certified 2020 Chevrolet Blazer LT,Chevrolet,Blazer,2020,4-Cylinder,Black,Black,41072,22147,AUTOTRADER
Certified 2020 Chevrolet Blazer LT,Chevrolet,Blazer,2020,6-Cylinder,Blue,Black,33003,22653,AUTOTRADER
Used 2023 Cadillac XT5 Luxury,Cadillac,XT5,2023,4-Cylinder Turbo,Silver,Black,8835,36997,AUTOTRADER
Certified 2021 Chevrolet Equinox LT,Chevrolet,Equinox,2021,4-Cylinder Turbo,Blue,Black,28629,21251,AUTOTRADER
Used 2021 Honda CR-V EX-L,Honda,CR-V,2021,4-Cylinder Turbo,Red,Gray,43040,26500,AUTOTRADER
Used 2023 Honda Pilot EX-L,Honda,Pilot,2023,6-Cylinder,Black,Black,9880,41272,AUTOTRADER
Used 2018 Honda Accord Touring,Honda,Accord,2018,4-Cylinder Turbo,Offwhite,Gray,57737,22592,AUTOTRADER
Certified 2021 MAZDA CX-30 AWD 2.5 S,MAZDA,CX-30,2021,4-Cylinder,White,Black,32079,19395,AUTOTRADER
Used 2021 MAZDA CX-30 AWD 2.5 S,MAZDA,CX-30,2021,4-Cylinder,White,Black,12763,20895,AUTOTRADER
Certified 2021 MAZDA CX-5 Sport,MAZDA,CX-5,2021,4-Cylinder,Black,Black,19039,21995,AUTOTRADER
Certified 2022 MAZDA CX-5 AWD 2.5 S,MAZDA,CX-5,2022,4-Cylinder,Black,Black,18971,25595,AUTOTRADER
Certified 2022 MAZDA CX-5 AWD 2.5 S,MAZDA,CX-5,2022,4-Cylinder,Blue,Black,19278,25695,AUTOTRADER
Certified 2022 MAZDA CX-5 AWD 2.5 S,MAZDA,CX-5,2022,4-Cylinder,White,Black,10171,25995,AUTOTRADER
Used 2020 Mercedes-Benz GLE 350 4MATIC,Mercedes-Benz,GLE 350,2020,4-Cylinder Turbo,Blue,Beige,46429,36495,AUTOTRADER
Used 2020 Chevrolet Equinox LS,Chevrolet,Equinox,2020,4-Cylinder Turbo,Silver,Gray,27390,17799,AUTOTRADER
Certified 2021 Honda Civic LX,Honda,Civic,2021,4-Cylinder,Blue,Gray,2816,20640,AUTOTRADER
Used 2021 Chevrolet Blazer LT,Chevrolet,Blazer,2021,6-Cylinder,Black,Black,20037,23749,AUTOTRADER
Used 2020 Cadillac XT5 Premium Luxury,Cadillac,XT5,2020,6-Cylinder,Unavail,Black,30652,27249,AUTOTRADER
Used 2021 Chevrolet Trax LS,Chevrolet,Trax,2021,4-Cylinder Turbo,Burgundy,Black,7324,18267,AUTOTRADER
Certified 2020 Kia Soul GT-Line Turbo,Kia,Soul,2020,4-Cylinder Turbo,Red,Black,36388,19746,AUTOTRADER
Used 2021 Chevrolet Trax LT,Chevrolet,Trax,2021,4-Cylinder Turbo,Burgundy,Black,10673,20001,AUTOTRADER
Used 2021 Kia Seltos LX,Kia,Seltos,2021,4-Cylinder,Gray,Black,15877,20303,AUTOTRADER
Used 2022 Kia Sportage LX,Kia,Sportage,2022,4-Cylinder,Black,Black,7165,21829,AUTOTRADER
Certified 2021 Kia Sportage SX,Kia,Sportage,2021,4-Cylinder Turbo,Blue,Black,10023,26244,AUTOTRADER
